User_ID,Group_ID,Match_Score,Joined
U0522,G0039,45,Yes
U0522,G0010,30,No
U0522,G0062,34,No
U0738,G0101,35.29,No
U0738,G0102,64.71,Yes
U0738,G0086,29.41,No
U0741,G0092,29,No
U0741,G0131,30,No
U0741,G0082,25,No
U0661,G0146,60,Yes
U0661,G0019,60,Yes
U0661,G0035,35,No
U0412,G0028,25,No
U0412,G0108,55,Yes
U0412,G0134,49,Yes
U0679,G0014,42,Yes
U0679,G0006,25,No
U0679,G0038,25,No
U0627,G0028,25,No
U0627,G0121,28,No
U0627,G0050,27,No
U0514,G0003,31,No
U0514,G0097,40,Yes
U0514,G0120,32,No
U0860,G0025,30.59,No
U0860,G0082,29.41,No
U0860,G0069,29.41,No
U0137,G0125,57,Yes
U0137,G0025,26,No
U0137,G0087,40,Yes
U0812,G0083,27,No
U0812,G0039,30,No
U0812,G0065,25,No
U0077,G0147,25,No
U0077,G0106,35,No
U0077,G0091,45,Yes
U0637,G0136,40,Yes
U0637,G0056,40,No
U0637,G0070,55,Yes
U0974,G0128,40,Yes
U0974,G0049,66,Yes
U0974,G0072,46,Yes
U0939,G0052,29.41,No
U0939,G0040,47.06,Yes
U0939,G0076,47.06,Yes
U0900,G0023,75.29,Yes
U0900,G0138,29.41,No
U0900,G0017,47.06,Yes
U0281,G0103,58,Yes
U0281,G0130,43,Yes
U0281,G0008,35,No
U0884,G0059,29.41,No
U0884,G0027,47.06,Yes
U0884,G0119,57.65,Yes
U0762,G0053,55.29,Yes
U0762,G0137,48.24,Yes
U0762,G0133,29.41,No
U0320,G0105,47.06,Yes
U0320,G0006,29.41,No
U0320,G0072,54.12,Yes
U0550,G0050,27,No
U0550,G0084,49,Yes
U0550,G0112,40,Yes
U0175,G0088,29.41,No
U0175,G0059,29.41,No
U0175,G0028,47.06,Yes
U0372,G0006,29.41,No
U0372,G0042,58.82,Yes
U0372,G0126,38.82,No
U0528,G0100,25,No
U0528,G0064,40,Yes
U0528,G0119,49,Yes
U0211,G0030,47.5,Yes
U0211,G0044,49,Yes
U0211,G0089,25,No
U0236,G0134,34,No
U0236,G0120,47,Yes
U0236,G0096,45,Yes
U0102,G0023,51.76,Yes
U0102,G0138,29.41,No
U0102,G0017,47.06,Yes
U0987,G0035,58.82,Yes
U0987,G0117,47.06,Yes
U0987,G0026,37.65,No
U0903,G0094,35.29,No
U0903,G0029,37.65,No
U0903,G0116,47.06,Yes
U0948,G0024,47.06,Yes
U0948,G0138,29.41,No
U0948,G0070,29.41,No
U0347,G0074,40,Yes
U0347,G0082,40,No
U0347,G0121,28,No
U0140,G0102,25,No
U0140,G0080,25,No
U0140,G0044,34,No
U0622,G0143,53.67,Yes
U0622,G0147,25,No
U0622,G0146,35,No
U0500,G0097,40,Yes
U0500,G0093,58,Yes
U0500,G0035,50,Yes
U0371,G0030,50,Yes
U0371,G0127,25,No
U0371,G0049,31,No
U0199,G0096,30,No
U0199,G0018,40,Yes
U0199,G0097,46.67,Yes
U0688,G0072,31,No
U0688,G0149,25,No
U0688,G0106,35,No
U0585,G0069,25,No
U0585,G0067,43,Yes
U0585,G0035,41.67,No
U0902,G0024,25,No
U0902,G0040,47.5,Yes
U0902,G0121,50.5,Yes
U0060,G0053,47,Yes
U0060,G0047,46,Yes
U0060,G0118,25,No
U0329,G0024,40,No
U0329,G0138,65,Yes
U0329,G0070,55,Yes
U0097,G0007,42,Yes
U0097,G0125,27,No
U0097,G0118,25,No
U0313,G0012,41,Yes
U0313,G0143,62,Yes
U0313,G0028,55,Yes
U0975,G0056,25,No
U0975,G0090,46,Yes
U0975,G0026,38.67,No
U0300,G0148,25,No
U0300,G0078,26,No
U0300,G0094,30,No
U0278,G0003,46,Yes
U0278,G0124,38,No
U0278,G0088,40,Yes
U0925,G0019,30,No
U0925,G0044,49,Yes
U0925,G0041,41,Yes
U0602,G0050,57,Yes
U0602,G0015,40,Yes
U0602,G0001,54,Yes
U0440,G0129,49,Yes
U0440,G0145,42,Yes
U0440,G0051,40,Yes
U0838,G0063,29.41,No
U0838,G0058,29.41,No
U0838,G0112,47.06,Yes
U0571,G0051,40,Yes
U0571,G0045,29,No
U0571,G0115,40,Yes
U0880,G0096,45,Yes
U0880,G0038,25,No
U0880,G0138,25,No
U0262,G0131,51.67,Yes
U0262,G0043,40,Yes
U0262,G0085,55,Yes
U0579,G0032,28,No
U0579,G0020,48,Yes
U0579,G0018,25,No
U0024,G0035,40,Yes
U0024,G0014,27,No
U0024,G0046,25,No
U0031,G0092,34,No
U0031,G0132,25,No
U0031,G0028,25,No
U0618,G0099,25,No
U0618,G0096,30,No
U0618,G0068,40,Yes
U0011,G0077,26,No
U0011,G0045,44,No
U0011,G0030,25,No
U0222,G0098,40,Yes
U0222,G0045,29,No
U0222,G0064,25,No
U0821,G0082,25,No
U0821,G0061,25,No
U0821,G0051,25,No
U0297,G0020,33,No
U0297,G0089,25,No
U0297,G0030,40,Yes
U0055,G0146,65,Yes
U0055,G0064,25,No
U0055,G0091,40,No
U0543,G0021,58,Yes
U0543,G0062,34,No
U0543,G0030,40,Yes
U0210,G0065,40,No
U0210,G0012,46,Yes
U0210,G0144,33,No
U0605,G0119,39,No
U0605,G0011,32,No
U0605,G0008,40,Yes
U0693,G0114,47.5,Yes
U0693,G0118,31.67,No
U0693,G0135,25,No
U0663,G0106,25,No
U0663,G0019,30,No
U0663,G0142,40,Yes
U0867,G0016,35,No
U0867,G0141,40,No
U0867,G0056,35,No
U0071,G0099,47.06,Yes
U0071,G0032,68.24,Yes
U0071,G0130,50.59,Yes
U0544,G0117,29.41,No
U0544,G0112,29.41,No
U0544,G0007,49.41,Yes
U0108,G0047,56,Yes
U0108,G0034,46,Yes
U0108,G0082,40,Yes
U0494,G0114,29.41,No
U0494,G0028,29.41,No
U0494,G0088,47.06,Yes
U0591,G0069,40,Yes
U0591,G0056,55,Yes
U0591,G0084,34,No
U0742,G0025,26,No
U0742,G0049,56,Yes
U0742,G0124,28,No
U0293,G0040,40,No
U0293,G0134,34,No
U0293,G0126,48,Yes
U0290,G0076,29.41,No
U0290,G0116,29.41,No
U0290,G0127,64.71,Yes
U0653,G0065,40,Yes
U0653,G0142,40,Yes
U0653,G0040,25,No
U0040,G0109,29,No
U0040,G0148,25,No
U0040,G0096,45,Yes
U0590,G0103,43,No
U0590,G0081,40,No
U0590,G0102,40,Yes
U0308,G0125,62,Yes
U0308,G0048,40,Yes
U0308,G0136,40,Yes
U0680,G0143,32,No
U0680,G0098,40,No
U0680,G0061,35,No
U0067,G0082,70,Yes
U0067,G0061,25,No
U0067,G0051,55,Yes
U0276,G0145,49.41,Yes
U0276,G0027,29.41,No
U0276,G0112,29.41,No
U0068,G0121,43,Yes
U0068,G0033,48,Yes
U0068,G0124,48,Yes
U0319,G0009,25,No
U0319,G0040,25,No
U0319,G0031,42,No
U0549,G0011,47,Yes
U0549,G0143,47,Yes
U0549,G0078,26,No
U0999,G0125,57,Yes
U0999,G0063,25,No
U0999,G0053,62,Yes
U0715,G0130,28,No
U0715,G0008,50,Yes
U0715,G0016,35,No
U0754,G0088,40,No
U0754,G0093,28,No
U0754,G0142,25,No
U0328,G0024,40,Yes
U0328,G0006,25,No
U0328,G0072,31,No
U0383,G0032,28,No
U0383,G0039,30,No
U0383,G0138,40,No
U0452,G0101,56.67,Yes
U0452,G0105,31.67,No
U0452,G0088,25,No
U0523,G0053,32,No
U0523,G0043,25,No
U0523,G0093,35.5,No
U0219,G0137,41,No
U0219,G0100,55,Yes
U0219,G0073,40,Yes
U0788,G0065,25,No
U0788,G0014,27,No
U0788,G0124,43,Yes
U0437,G0116,25,No
U0437,G0148,40,No
U0437,G0048,25,No
U0765,G0020,33,No
U0765,G0102,40,Yes
U0765,G0013,41,No
U0089,G0124,43,Yes
U0089,G0018,25,No
U0089,G0005,40,Yes
U0064,G0110,25,No
U0064,G0102,25,No
U0064,G0055,45,Yes
U0827,G0003,36.47,No
U0827,G0109,34.12,No
U0827,G0150,64.71,Yes
U0717,G0046,58.82,Yes
U0717,G0126,56.47,Yes
U0717,G0065,29.41,No
U0352,G0031,27,No
U0352,G0022,48,Yes
U0352,G0067,43,Yes
U0937,G0127,29.41,No
U0937,G0012,36.47,No
U0937,G0098,29.41,No
U0257,G0114,29.41,No
U0257,G0130,50.59,Yes
U0257,G0117,64.71,Yes
U0636,G0038,40,No
U0636,G0134,34,No
U0636,G0001,49,Yes
U0645,G0135,25,No
U0645,G0142,25,No
U0645,G0077,41,No
U0555,G0060,32,No
U0555,G0022,48,Yes
U0555,G0053,32,No
U0960,G0070,47.06,Yes
U0960,G0034,36.47,No
U0960,G0044,75.29,Yes
U0169,G0095,28,No
U0169,G0117,25,No
U0169,G0134,49,Yes
U0918,G0016,41.18,No
U0918,G0149,47.06,Yes
U0918,G0013,48.24,Yes
U0529,G0061,29.41,No
U0529,G0139,47.06,Yes
U0529,G0137,30.59,No
U0824,G0078,48.24,Yes
U0824,G0136,47.06,Yes
U0824,G0143,37.65,No
U0986,G0052,25,No
U0986,G0083,42,Yes
U0986,G0001,34,No
U0817,G0046,64.71,Yes
U0817,G0139,29.41,No
U0817,G0114,47.06,Yes
U0087,G0113,25,No
U0087,G0092,29,No
U0087,G0071,46,Yes
U0433,G0139,60,Yes
U0433,G0013,41,Yes
U0433,G0089,25,No
U0185,G0107,40,Yes
U0185,G0021,28,No
U0185,G0148,40,No
U0979,G0069,29.41,No
U0979,G0133,29.41,No
U0979,G0118,47.06,Yes
U0535,G0069,60,Yes
U0535,G0119,34,No
U0535,G0089,40,No
U0295,G0140,60,Yes
U0295,G0022,33,No
U0295,G0045,44,Yes
U0893,G0031,49.41,Yes
U0893,G0123,47.06,Yes
U0893,G0080,29.41,No
U0426,G0031,57,Yes
U0426,G0115,55,Yes
U0426,G0021,28,No
U0714,G0016,35,No
U0714,G0109,29,No
U0714,G0143,47,Yes
U0261,G0052,47.06,Yes
U0261,G0063,47.06,Yes
U0261,G0075,54.12,Yes
U0238,G0065,40,Yes
U0238,G0104,25,No
U0238,G0097,25,No
U0560,G0094,30,No
U0560,G0125,57,Yes
U0560,G0104,40,No
U0584,G0020,38.82,No
U0584,G0120,55.29,Yes
U0584,G0085,29.41,No
U0446,G0039,45,Yes
U0446,G0130,43,Yes
U0446,G0021,28,No
U0868,G0069,47.06,Yes
U0868,G0052,29.41,No
U0868,G0008,41.18,Yes
U0801,G0081,29.41,No
U0801,G0027,29.41,No
U0801,G0145,31.76,No
U0600,G0077,47.67,Yes
U0600,G0005,46.67,Yes
U0600,G0023,35.67,No
U0850,G0025,41,No
U0850,G0128,25,No
U0850,G0035,35,No
U0266,G0028,40,No
U0266,G0108,25,No
U0266,G0134,49,Yes
U0996,G0025,48.24,Yes
U0996,G0082,47.06,Yes
U0996,G0069,52.94,Yes
U0530,G0113,40,No
U0530,G0017,40,No
U0530,G0136,35,No
U0056,G0126,33,No
U0056,G0058,40,Yes
U0056,G0036,31.67,No
U0121,G0072,31,No
U0121,G0051,31.67,No
U0121,G0032,34.67,No
U0216,G0081,25,No
U0216,G0011,32,No
U0216,G0034,53.5,Yes
U0026,G0060,47,Yes
U0026,G0086,40,No
U0026,G0108,40,Yes
U0073,G0007,49.41,Yes
U0073,G0004,47.06,Yes
U0073,G0140,29.41,No
U0045,G0077,56,Yes
U0045,G0062,34,No
U0045,G0119,49,Yes
U0248,G0034,31,No
U0248,G0019,65,Yes
U0248,G0095,35.5,No
U0722,G0032,28,No
U0722,G0009,35,No
U0722,G0042,50,Yes
U0282,G0009,40,Yes
U0282,G0030,40,Yes
U0282,G0046,25,No
U0894,G0091,25,No
U0894,G0116,25,No
U0894,G0122,48,Yes
U0915,G0031,31.76,No
U0915,G0142,37.25,No
U0915,G0134,47.84,Yes
U0811,G0030,31.67,No
U0811,G0139,25,No
U0811,G0050,42,No
U0245,G0028,46.67,Yes
U0245,G0108,46.67,Yes
U0245,G0134,34,No
U0823,G0103,50.59,Yes
U0823,G0081,64.71,Yes
U0823,G0102,47.06,Yes
U0322,G0062,49,Yes
U0322,G0099,25,No
U0322,G0131,30,No
U0644,G0037,68,Yes
U0644,G0113,25,No
U0644,G0002,40,Yes
U0159,G0078,41,Yes
U0159,G0059,47.5,Yes
U0159,G0046,25,No
U0978,G0130,28,No
U0978,G0008,50,Yes
U0978,G0016,50,Yes
U0430,G0057,28,No
U0430,G0109,59,Yes
U0430,G0058,25,No
U0942,G0015,47.06,Yes
U0942,G0145,31.76,No
U0942,G0071,36.47,No
U0463,G0061,25,No
U0463,G0113,25,No
U0463,G0039,50,Yes
U0310,G0125,61.18,Yes
U0310,G0014,49.41,Yes
U0310,G0120,55.29,Yes
U0698,G0127,25,No
U0698,G0143,32,No
U0698,G0098,25,No
U0061,G0119,57.65,Yes
U0061,G0062,57.65,Yes
U0061,G0129,40,Yes
U0885,G0113,29.41,No
U0885,G0084,57.65,Yes
U0885,G0007,49.41,Yes
U0596,G0070,55,Yes
U0596,G0034,46,Yes
U0596,G0044,55.67,No
U0768,G0002,25,No
U0768,G0059,40,Yes
U0768,G0087,40,No
U0650,G0147,40,Yes
U0650,G0015,25,No
U0650,G0007,42,Yes
U0651,G0052,40,Yes
U0651,G0126,48,Yes
U0651,G0029,47,Yes
U0866,G0056,25,No
U0866,G0101,30,No
U0866,G0121,28,No
U0669,G0033,56.47,Yes
U0669,G0117,54.9,Yes
U0669,G0027,29.41,No
U0299,G0015,25,No
U0299,G0147,25,No
U0299,G0010,40,Yes
U0690,G0072,31,No
U0690,G0061,25,No
U0690,G0082,25,No
U0315,G0096,45,Yes
U0315,G0018,25,No
U0315,G0097,25,No
U0311,G0030,25,No
U0311,G0072,46,Yes
U0311,G0017,25,No
U0362,G0150,40,Yes
U0362,G0013,41,Yes
U0362,G0125,42,Yes
U0480,G0098,25,No
U0480,G0047,26,No
U0480,G0065,40,Yes
U0111,G0134,34,No
U0111,G0067,28,No
U0111,G0086,25,No
U0990,G0018,35,No
U0990,G0014,42,Yes
U0990,G0120,57,Yes
U0487,G0098,30,No
U0487,G0066,33,No
U0487,G0102,25,No
U0364,G0058,40,Yes
U0364,G0040,40,Yes
U0364,G0074,25,No
U0255,G0093,28,No
U0255,G0049,31,No
U0255,G0040,25,No
U0260,G0026,32,No
U0260,G0096,30,No
U0260,G0050,42,Yes
U0803,G0009,29.41,No
U0803,G0071,36.47,No
U0803,G0129,57.65,Yes
U0678,G0145,34.5,No
U0678,G0007,27,No
U0678,G0038,47.5,Yes
U0495,G0114,40,No
U0495,G0007,27,No
U0495,G0101,30,No
U0671,G0091,25,No
U0671,G0050,42,No
U0671,G0063,40,No
U0378,G0111,35,No
U0378,G0021,43,No
U0378,G0124,28,No
U0527,G0105,40,No
U0527,G0111,50,Yes
U0527,G0040,40,Yes
U0846,G0132,40,Yes
U0846,G0111,50,Yes
U0846,G0105,40,No
U0138,G0047,31,No
U0138,G0034,46,Yes
U0138,G0082,30,No
U0356,G0024,25,No
U0356,G0006,40,Yes
U0356,G0072,56,Yes
U0366,G0069,31.67,No
U0366,G0072,52.67,Yes
U0366,G0140,40,No
U0943,G0110,64.71,Yes
U0943,G0052,29.41,No
U0943,G0017,47.06,Yes
U0750,G0012,31,No
U0750,G0019,30,No
U0750,G0082,25,No
U0949,G0050,42,Yes
U0949,G0016,35,No
U0949,G0030,25,No
U0830,G0145,49.41,Yes
U0830,G0144,38.82,No
U0830,G0019,35.29,No
U0657,G0050,49.41,Yes
U0657,G0080,47.06,Yes
U0657,G0132,47.06,Yes
U0200,G0032,43,Yes
U0200,G0007,57,Yes
U0200,G0052,25,No
U0214,G0099,25,No
U0214,G0097,25,No
U0214,G0091,25,No
U0409,G0077,41,No
U0409,G0017,40,Yes
U0409,G0102,25,No
U0333,G0119,57.65,Yes
U0333,G0011,37.65,No
U0333,G0008,64.71,Yes
U0209,G0126,33,No
U0209,G0095,28,No
U0209,G0064,25,No
U0614,G0007,27,No
U0614,G0088,25,No
U0614,G0147,25,No
U0079,G0017,55,Yes
U0079,G0066,33,No
U0079,G0116,25,No
U0030,G0146,35,No
U0030,G0002,25,No
U0030,G0021,43,Yes
U0536,G0121,43,Yes
U0536,G0016,72.5,Yes
U0536,G0130,43,Yes
U0696,G0143,47,Yes
U0696,G0047,26,No
U0696,G0041,26,No
U0558,G0027,25,No
U0558,G0133,46.67,Yes
U0558,G0147,40,Yes
U0837,G0031,42,Yes
U0837,G0073,55,Yes
U0837,G0150,40,Yes
U0597,G0080,40,No
U0597,G0111,50,Yes
U0597,G0124,33,No
U0166,G0106,29.41,No
U0166,G0124,32.94,No
U0166,G0015,29.41,No
U0919,G0073,40,Yes
U0919,G0062,49,Yes
U0919,G0020,48,Yes
U0496,G0062,34,No
U0496,G0006,25,No
U0496,G0099,40,Yes
U0825,G0050,49.41,Yes
U0825,G0015,47.06,Yes
U0825,G0001,40,Yes
U0066,G0086,37.25,No
U0066,G0127,29.41,No
U0066,G0018,47.06,Yes
U0142,G0050,31.76,No
U0142,G0074,29.41,No
U0142,G0078,30.59,No
U0926,G0096,52.94,Yes
U0926,G0002,47.06,Yes
U0926,G0047,30.59,No
U0828,G0010,25,No
U0828,G0148,40,Yes
U0828,G0142,25,No
U0656,G0133,25,No
U0656,G0081,25,No
U0656,G0005,25,No
U0332,G0042,50,Yes
U0332,G0118,25,No
U0332,G0111,70,Yes
U0665,G0138,25,No
U0665,G0002,40,No
U0665,G0044,49,Yes
U0250,G0148,25,No
U0250,G0064,25,No
U0250,G0021,58,Yes
U0908,G0014,27,No
U0908,G0006,25,No
U0908,G0038,25,No
U0709,G0148,29.41,No
U0709,G0058,47.06,Yes
U0709,G0047,42.35,Yes
U0306,G0089,25,No
U0306,G0142,40,Yes
U0306,G0098,40,No
U0735,G0054,60,Yes
U0735,G0090,46,Yes
U0735,G0037,33,No
U0976,G0092,29,No
U0976,G0077,41,No
U0976,G0018,35,No
U0050,G0081,25,No
U0050,G0012,38.5,No
U0050,G0069,25,No
U0897,G0013,30.59,No
U0897,G0031,49.41,Yes
U0897,G0071,54.12,Yes
U0003,G0109,44,Yes
U0003,G0023,44,No
U0003,G0086,40,Yes
U0545,G0023,36.5,No
U0545,G0047,41,Yes
U0545,G0008,35,No
U0351,G0146,50,Yes
U0351,G0064,40,Yes
U0351,G0091,40,No
U0905,G0037,56.47,Yes
U0905,G0082,29.41,No
U0905,G0057,32.94,No
U0537,G0080,25,No
U0537,G0087,25,No
U0537,G0135,55,Yes
U0345,G0092,44,Yes
U0345,G0017,25,No
U0345,G0101,45,Yes
U0995,G0060,55.29,Yes
U0995,G0140,29.41,No
U0995,G0019,35.29,No
U0482,G0022,39.67,No
U0482,G0130,43,Yes
U0482,G0072,31,No
U0576,G0015,25,No
U0576,G0147,40,Yes
U0576,G0010,25,No
U0034,G0122,43,Yes
U0034,G0116,25,No
U0034,G0092,29,No
U0032,G0070,46.67,Yes
U0032,G0034,46,Yes
U0032,G0044,34,No
U0232,G0029,37,No
U0232,G0127,40,Yes
U0232,G0146,35,No
U0964,G0097,25,No
U0964,G0093,28,No
U0964,G0035,35,No
U0193,G0007,27,No
U0193,G0107,35,No
U0193,G0123,25,No
U0334,G0016,72.5,Yes
U0334,G0034,53.5,Yes
U0334,G0001,34,No
U0004,G0112,25,No
U0004,G0122,48,Yes
U0004,G0075,31,No
U0205,G0073,47.06,Yes
U0205,G0102,29.41,No
U0205,G0076,47.06,Yes
U0515,G0094,30,No
U0515,G0053,47,Yes
U0515,G0064,25,No
U0800,G0119,49,Yes
U0800,G0051,25,No
U0800,G0099,25,No
U0307,G0127,25,No
U0307,G0101,45,Yes
U0307,G0038,25,No
U0110,G0099,64.71,Yes
U0110,G0032,50.59,Yes
U0110,G0130,50.59,Yes
U0431,G0147,29.41,No
U0431,G0106,29.41,No
U0431,G0091,47.06,Yes
U0078,G0060,47,Yes
U0078,G0146,35,No
U0078,G0048,25,No
U0085,G0048,25,No
U0085,G0018,25,No
U0085,G0013,26,No
U0287,G0084,54,Yes
U0287,G0033,53,Yes
U0287,G0108,25,No
U0083,G0037,33,No
U0083,G0058,25,No
U0083,G0113,31.67,No
U0992,G0005,37.25,No
U0992,G0114,47.06,Yes
U0992,G0086,29.41,No
U0790,G0150,50,Yes
U0790,G0056,25,No
U0790,G0008,35,No
U0895,G0010,29.41,No
U0895,G0069,47.06,Yes
U0895,G0025,30.59,No
U0399,G0089,25,No
U0399,G0086,40,No
U0399,G0136,40,Yes
U0324,G0060,32,No
U0324,G0086,31.67,No
U0324,G0108,40,No
U0520,G0050,27,No
U0520,G0128,45,Yes
U0520,G0116,25,No
U0917,G0028,40,Yes
U0917,G0121,28,No
U0917,G0059,25,No
U0923,G0149,40,Yes
U0923,G0124,43,No
U0923,G0073,25,No
U0006,G0126,63,Yes
U0006,G0084,49,Yes
U0006,G0059,25,No
U0732,G0148,29.41,No
U0732,G0058,54.9,Yes
U0732,G0047,38.43,No
U0466,G0061,25,No
U0466,G0113,25,No
U0466,G0039,30,No
U0098,G0114,25,No
U0098,G0110,40,No
U0098,G0064,35,No
U0267,G0116,40,Yes
U0267,G0108,30,No
U0267,G0136,25,No
U0358,G0122,63,Yes
U0358,G0082,40,No
U0358,G0030,55,Yes
U0869,G0027,40,No
U0869,G0067,28,No
U0869,G0041,41,Yes
U0799,G0061,29.41,No
U0799,G0058,47.06,Yes
U0799,G0074,29.41,No
U0381,G0059,40,Yes
U0381,G0028,25,No
U0381,G0112,25,No
U0632,G0016,50,Yes
U0632,G0087,25,No
U0632,G0041,41,Yes
U0382,G0058,46.67,Yes
U0382,G0002,25,No
U0382,G0122,48,Yes
U0491,G0144,38.82,No
U0491,G0101,35.29,No
U0491,G0055,29.41,No
U0119,G0112,25,No
U0119,G0122,58,Yes
U0119,G0075,31,No
U0901,G0137,26,No
U0901,G0104,32.5,No
U0901,G0121,28,No
U0251,G0038,70,Yes
U0251,G0059,40,Yes
U0251,G0101,30,No
U0524,G0037,38,No
U0524,G0113,55,Yes
U0524,G0002,25,No
U0010,G0068,40,No
U0010,G0027,25,No
U0010,G0048,25,No
U0197,G0068,25,No
U0197,G0136,40,Yes
U0197,G0142,40,Yes
U0604,G0123,40,Yes
U0604,G0114,25,No
U0604,G0139,60,Yes
U0082,G0069,55,Yes
U0082,G0064,30,No
U0082,G0091,40,Yes
U0784,G0093,50.59,Yes
U0784,G0071,71.76,Yes
U0784,G0094,43.14,Yes
U0588,G0042,45,Yes
U0588,G0015,25,No
U0588,G0127,40,Yes
U0798,G0148,35,No
U0798,G0064,25,No
U0798,G0021,43,No
U0240,G0144,54.67,Yes
U0240,G0055,40,Yes
U0240,G0062,55.67,Yes
U0291,G0040,40,Yes
U0291,G0098,25,No
U0291,G0067,43,Yes
U0212,G0028,40,No
U0212,G0094,45,Yes
U0212,G0054,25,No
U0718,G0104,47.06,Yes
U0718,G0120,49.41,Yes
U0718,G0054,47.06,Yes
U0360,G0123,25,No
U0360,G0037,48,Yes
U0360,G0030,40,No
U0450,G0020,33,No
U0450,G0102,25,No
U0450,G0013,26,No
U0228,G0083,42,Yes
U0228,G0052,25,No
U0228,G0069,25,No
U0951,G0104,25,No
U0951,G0023,29,No
U0951,G0029,32,No
U0947,G0088,29.41,No
U0947,G0016,52.94,Yes
U0947,G0030,29.41,No
U0797,G0023,51.76,Yes
U0797,G0047,48.24,Yes
U0797,G0008,58.82,Yes
U0502,G0142,64.71,Yes
U0502,G0017,58.82,Yes
U0502,G0071,36.47,No
U0465,G0097,29.41,No
U0465,G0011,55.29,Yes
U0465,G0080,47.06,Yes
U0363,G0010,40,Yes
U0363,G0069,45,Yes
U0363,G0011,47,Yes
U0469,G0142,35,No
U0469,G0135,25,No
U0469,G0076,25,No
U0936,G0069,29.41,No
U0936,G0072,54.12,Yes
U0936,G0140,47.06,Yes
U0429,G0133,40,No
U0429,G0023,29,No
U0429,G0036,40,Yes
U0008,G0005,46.67,Yes
U0008,G0102,40,Yes
U0008,G0030,30,No
U0156,G0049,54.12,Yes
U0156,G0031,31.76,No
U0156,G0001,57.65,Yes
U0542,G0125,27,No
U0542,G0063,55,Yes
U0542,G0053,38.67,No
U0441,G0032,28,No
U0441,G0091,25,No
U0441,G0092,59,Yes
U0483,G0149,40,No
U0483,G0044,34,No
U0483,G0131,30,No
U0423,G0115,40,Yes
U0423,G0071,37.67,No
U0423,G0016,56.67,Yes
U0779,G0088,58.82,Yes
U0779,G0059,47.06,Yes
U0779,G0028,64.71,Yes
U0950,G0052,47.06,Yes
U0950,G0040,29.41,No
U0950,G0076,47.06,Yes
U0335,G0073,47.06,Yes
U0335,G0037,56.47,Yes
U0335,G0075,36.47,No
U0577,G0046,25,No
U0577,G0096,30,No
U0577,G0125,27,No
U0935,G0097,47.06,Yes
U0935,G0072,36.47,No
U0935,G0115,29.41,No
U0568,G0068,32.5,No
U0568,G0027,25,No
U0568,G0109,44,Yes
U0595,G0063,25,No
U0595,G0137,41,No
U0595,G0101,35,No
U0531,G0006,25,No
U0531,G0104,25,No
U0531,G0142,40,Yes
U0582,G0102,55,Yes
U0582,G0080,25,No
U0582,G0044,64,Yes
U0708,G0116,25,No
U0708,G0052,25,No
U0708,G0084,34,No
U0449,G0138,40,Yes
U0449,G0079,40,No
U0449,G0016,50,Yes
U0454,G0075,31,No
U0454,G0083,57,Yes
U0454,G0113,25,No
U0229,G0128,40,Yes
U0229,G0120,38.67,No
U0229,G0095,28,No
U0353,G0019,52.94,Yes
U0353,G0044,65.49,Yes
U0353,G0041,56.08,Yes
U0729,G0052,29.41,No
U0729,G0085,47.06,Yes
U0729,G0119,57.65,Yes
U0213,G0130,34.67,No
U0213,G0062,49,Yes
U0213,G0054,31.67,No
U0080,G0051,29.41,No
U0080,G0072,54.12,Yes
U0080,G0141,29.41,No
U0149,G0016,50,Yes
U0149,G0087,25,No
U0149,G0041,41,Yes
U0303,G0020,33,No
U0303,G0102,40,Yes
U0303,G0013,26,No
U0629,G0025,26,No
U0629,G0019,45,Yes
U0629,G0051,25,No
U0778,G0065,25,No
U0778,G0142,25,No
U0778,G0014,47,Yes
U0507,G0004,47.06,Yes
U0507,G0097,47.06,Yes
U0507,G0063,29.41,No
U0343,G0125,49.41,Yes
U0343,G0063,29.41,No
U0343,G0053,55.29,Yes
U0486,G0076,64.71,Yes
U0486,G0116,47.06,Yes
U0486,G0127,29.41,No
U0712,G0143,37.65,No
U0712,G0098,72.55,Yes
U0712,G0061,29.41,No
U0134,G0069,50,Yes
U0134,G0067,38,No
U0134,G0035,50,Yes
U0704,G0149,47.06,Yes
U0704,G0044,57.65,Yes
U0704,G0131,52.94,Yes
U0312,G0015,40,Yes
U0312,G0147,25,No
U0312,G0010,25,No
U0723,G0112,25,No
U0723,G0054,31.67,No
U0723,G0078,41,Yes
U0630,G0089,25,No
U0630,G0142,30,No
U0630,G0098,25,No
U0001,G0136,40,Yes
U0001,G0118,40,No
U0001,G0044,34,No
U0317,G0046,40,No
U0317,G0126,48,Yes
U0317,G0065,40,No
U0707,G0044,34,No
U0707,G0139,31.67,No
U0707,G0030,40,Yes
U0548,G0063,25,No
U0548,G0144,48,Yes
U0548,G0137,41,No
U0873,G0089,25,No
U0873,G0086,55,Yes
U0873,G0136,40,Yes
U0533,G0117,25,No
U0533,G0112,25,No
U0533,G0007,47,Yes
U0478,G0121,50.59,Yes
U0478,G0012,36.47,No
U0478,G0011,37.65,No
U0405,G0097,29.41,No
U0405,G0079,47.06,Yes
U0405,G0072,54.12,Yes
U0173,G0124,28,No
U0173,G0072,31,No
U0173,G0133,40,Yes
U0126,G0007,27,No
U0126,G0088,25,No
U0126,G0147,25,No
U0395,G0050,34.5,No
U0395,G0016,50,No
U0395,G0030,40,Yes
U0421,G0091,35,No
U0421,G0059,25,No
U0421,G0046,40,No
U0553,G0008,65,Yes
U0553,G0032,28,No
U0553,G0061,40,No
U0904,G0050,49.41,Yes
U0904,G0128,29.41,No
U0904,G0116,64.71,Yes
U0091,G0092,29,No
U0091,G0077,41,No
U0091,G0018,25,No
U0940,G0041,48.24,Yes
U0940,G0072,36.47,No
U0940,G0010,29.41,No
U0182,G0075,46,Yes
U0182,G0103,28,No
U0182,G0002,25,No
U0275,G0046,25,No
U0275,G0139,40,Yes
U0275,G0114,25,No
U0896,G0029,37.65,No
U0896,G0066,56.47,Yes
U0896,G0097,47.06,Yes
U0070,G0141,25,No
U0070,G0068,45,Yes
U0070,G0084,34,No
U0292,G0078,26,No
U0292,G0092,44,Yes
U0292,G0033,33,No
U0132,G0103,35.5,No
U0132,G0130,28,No
U0132,G0008,50,Yes
U0301,G0069,25,No
U0301,G0119,49,Yes
U0301,G0089,55,Yes
U0425,G0037,38.82,No
U0425,G0113,29.41,No
U0425,G0002,47.06,Yes
U0327,G0146,50,Yes
U0327,G0064,25,No
U0327,G0091,55,Yes
U0145,G0142,40,Yes
U0145,G0140,60,Yes
U0145,G0130,28,No
U0424,G0060,47,Yes
U0424,G0140,25,No
U0424,G0019,30,No
U0581,G0077,36,No
U0581,G0094,45,Yes
U0581,G0022,63,Yes
U0136,G0064,25,No
U0136,G0018,25,No
U0136,G0070,40,Yes
U0451,G0123,40,No
U0451,G0146,42.5,Yes
U0451,G0118,25,No
U0165,G0082,40,Yes
U0165,G0026,32,No
U0165,G0123,40,No
U0029,G0085,47.06,Yes
U0029,G0053,55.29,Yes
U0029,G0074,29.41,No
U0774,G0074,29.41,No
U0774,G0017,29.41,No
U0774,G0058,37.25,No
U0194,G0039,64.71,Yes
U0194,G0010,29.41,No
U0194,G0062,40,No
U0389,G0150,29.41,No
U0389,G0056,29.41,No
U0389,G0008,76.47,Yes
U0853,G0129,40,Yes
U0853,G0145,31.76,No
U0853,G0051,29.41,No
U0170,G0008,35,No
U0170,G0093,43,Yes
U0170,G0149,25,No
U0706,G0030,54.9,Yes
U0706,G0122,56.47,Yes
U0706,G0140,29.41,No
U0141,G0054,25,No
U0141,G0039,30,No
U0141,G0097,46.67,Yes
U0174,G0013,41,Yes
U0174,G0008,35,No
U0174,G0085,25,No
U0007,G0020,69.67,Yes
U0007,G0057,58,Yes
U0007,G0021,34.67,No
U0746,G0052,29.41,No
U0746,G0126,56.47,Yes
U0746,G0029,55.29,Yes
U0479,G0091,40,No
U0479,G0050,42,Yes
U0479,G0063,45,Yes
U0074,G0148,40,Yes
U0074,G0058,55,Yes
U0074,G0047,41,No
U0911,G0016,41.18,No
U0911,G0140,47.06,Yes
U0911,G0032,32.94,No
U0814,G0090,46,Yes
U0814,G0085,40,No
U0814,G0122,48,Yes
U0239,G0016,50,Yes
U0239,G0087,25,No
U0239,G0060,47,Yes
U0146,G0040,47.5,Yes
U0146,G0134,34,No
U0146,G0126,33,No
U0793,G0130,28,No
U0793,G0008,35,No
U0793,G0016,50,Yes
U0235,G0027,40,No
U0235,G0026,53.67,Yes
U0235,G0122,54.67,Yes
U0221,G0100,25,No
U0221,G0117,25,No
U0221,G0119,34,No
U0924,G0069,54.9,Yes
U0924,G0129,57.65,Yes
U0924,G0080,54.9,Yes
U0501,G0090,46,Yes
U0501,G0107,40,No
U0501,G0087,40,No
U0133,G0047,26,No
U0133,G0089,25,No
U0133,G0099,25,No
U0991,G0101,35.29,No
U0991,G0102,47.06,Yes
U0991,G0086,29.41,No
U0775,G0065,25,No
U0775,G0069,25,No
U0775,G0077,36,No
U0186,G0140,29.41,No
U0186,G0001,40,No
U0186,G0123,47.06,Yes
U0042,G0013,48.24,Yes
U0042,G0044,57.65,Yes
U0042,G0037,38.82,No
U0697,G0120,47,Yes
U0697,G0127,25,No
U0697,G0074,25,No
U0109,G0112,25,No
U0109,G0088,25,No
U0109,G0146,35,No
U0589,G0050,49.5,Yes
U0589,G0015,62.5,Yes
U0589,G0001,49,Yes
U0057,G0081,35,No
U0057,G0011,32,No
U0057,G0034,46,Yes
U0406,G0013,30.59,No
U0406,G0031,31.76,No
U0406,G0071,36.47,No
U0443,G0150,25,No
U0443,G0013,26,No
U0443,G0125,27,No
U0758,G0145,42,No
U0758,G0144,40.5,No
U0758,G0019,30,No
U0998,G0053,32,No
U0998,G0001,49,Yes
U0998,G0125,27,No
U0025,G0063,40,No
U0025,G0075,46,Yes
U0025,G0090,66,Yes
U0468,G0117,40,No
U0468,G0139,40,No
U0468,G0047,26,No
U0540,G0142,30,No
U0540,G0108,25,No
U0540,G0131,30,No
U0532,G0064,40,No
U0532,G0014,27,No
U0532,G0088,25,No
U0619,G0011,37.65,No
U0619,G0143,37.65,No
U0619,G0078,30.59,No
U0695,G0127,25,No
U0695,G0038,40,No
U0695,G0107,40,No
U0927,G0055,35,No
U0927,G0037,43,No
U0927,G0015,40,No
U0339,G0058,55,Yes
U0339,G0024,61.67,Yes
U0339,G0006,40,No
U0052,G0141,46.67,Yes
U0052,G0032,58,Yes
U0052,G0133,36.67,No
U0508,G0010,25,No
U0508,G0069,55,Yes
U0508,G0011,32,No
U0517,G0004,25,No
U0517,G0097,25,No
U0517,G0063,25,No
U0921,G0149,29.41,No
U0921,G0045,34.12,No
U0921,G0144,38.82,No
U0782,G0115,46.67,Yes
U0782,G0145,42,No
U0782,G0101,30,No
U0265,G0077,30.59,No
U0265,G0031,31.76,No
U0265,G0144,56.47,Yes
U0818,G0053,32,No
U0818,G0047,36,No
U0818,G0118,55,Yes
U0711,G0106,37.25,No
U0711,G0124,32.94,No
U0711,G0015,29.41,No
U0683,G0095,33,No
U0683,G0005,25,No
U0683,G0096,30,No
U0833,G0125,42,No
U0833,G0048,40,No
U0833,G0083,27,No
U0519,G0097,47.06,Yes
U0519,G0009,47.06,Yes
U0519,G0096,35.29,No
U0448,G0048,55,Yes
U0448,G0139,40,No
U0448,G0034,38.5,No
U0019,G0134,64,Yes
U0019,G0127,40,No
U0019,G0125,27,No
U0716,G0071,46,Yes
U0716,G0054,25,No
U0716,G0033,63,Yes
U0484,G0146,50,Yes
U0484,G0134,41.5,No
U0484,G0112,46.67,Yes
U0569,G0085,40,No
U0569,G0053,47,Yes
U0569,G0074,25,No
U0434,G0079,40,No
U0434,G0030,40,No
U0434,G0112,30,No
U0368,G0051,64.71,Yes
U0368,G0072,36.47,No
U0368,G0141,47.06,Yes
U0084,G0133,25,No
U0084,G0081,25,No
U0084,G0005,25,No
U0062,G0046,40,No
U0062,G0143,47,Yes
U0062,G0036,40,No
U0639,G0092,29,No
U0639,G0067,28,No
U0639,G0031,52,Yes
U0273,G0052,40,No
U0273,G0085,25,No
U0273,G0119,49,Yes
U0286,G0023,29,No
U0286,G0025,41,No
U0286,G0104,55,Yes
U0361,G0003,31,No
U0361,G0128,25,No
U0361,G0095,58,Yes
U0355,G0117,40,No
U0355,G0032,58,Yes
U0355,G0027,40,No
U0457,G0098,25,No
U0457,G0047,26,No
U0457,G0065,25,No
U0279,G0081,25,No
U0279,G0103,63,Yes
U0279,G0143,32,No
U0013,G0117,25,No
U0013,G0045,59,Yes
U0013,G0068,25,No
U0183,G0124,50.59,Yes
U0183,G0072,36.47,No
U0183,G0133,47.06,Yes
U0369,G0102,40,No
U0369,G0122,33,No
U0369,G0136,40,No
U0882,G0027,47.06,Yes
U0882,G0111,41.18,No
U0882,G0132,47.06,Yes
U0616,G0061,25,No
U0616,G0150,25,No
U0616,G0121,43,No
U0224,G0094,45,Yes
U0224,G0029,32,No
U0224,G0116,25,No
U0573,G0036,35,No
U0573,G0107,40,No
U0573,G0106,25,No
U0971,G0024,35,No
U0971,G0138,25,No
U0971,G0146,50,Yes
U0654,G0062,34,No
U0654,G0052,25,No
U0654,G0022,33,No
U0546,G0038,29.41,No
U0546,G0115,47.06,Yes
U0546,G0074,47.06,Yes
U0583,G0110,40,No
U0583,G0092,29,No
U0583,G0054,40,No
U0634,G0015,46.67,Yes
U0634,G0147,40,No
U0634,G0010,40,No
U0177,G0091,25,No
U0177,G0093,38,No
U0177,G0101,60,Yes
U0666,G0078,41,No
U0666,G0074,40,No
U0666,G0106,40,No
U0674,G0040,25,No
U0674,G0023,44,No
U0674,G0102,75,Yes
U0586,G0064,40,No
U0586,G0016,50,Yes
U0586,G0147,25,No
U0874,G0008,49.02,Yes
U0874,G0066,38.82,No
U0874,G0122,56.47,Yes
U0394,G0114,35,No
U0394,G0087,25,No
U0394,G0042,35,No
U0164,G0068,46.67,Yes
U0164,G0005,25,No
U0164,G0032,28,No
U0249,G0031,49.41,Yes
U0249,G0068,47.06,Yes
U0249,G0011,55.29,Yes
U0635,G0018,47.06,Yes
U0635,G0058,47.06,Yes
U0635,G0065,29.41,No
U0886,G0005,25,No
U0886,G0114,25,No
U0886,G0086,40,No
U0670,G0033,56.47,No
U0670,G0022,56.47,Yes
U0670,G0146,41.18,No
U0376,G0102,29.41,No
U0376,G0140,64.71,Yes
U0376,G0045,51.76,Yes
U0413,G0106,25,No
U0413,G0003,31,No
U0413,G0043,25,No
U0075,G0098,40,No
U0075,G0006,40,No
U0075,G0120,62,Yes
U0114,G0063,25,No
U0114,G0010,32.5,No
U0114,G0066,48,Yes
U0599,G0045,29,No
U0599,G0013,26,No
U0599,G0040,25,No
U0962,G0070,47.06,Yes
U0962,G0150,47.06,Yes
U0962,G0146,41.18,No
U0391,G0020,48,Yes
U0391,G0102,25,No
U0391,G0013,26,No
U0105,G0081,40,No
U0105,G0071,31,No
U0105,G0079,40,No
U0115,G0060,67,Yes
U0115,G0140,25,No
U0115,G0019,45,Yes
U0418,G0029,62,Yes
U0418,G0101,45,Yes
U0418,G0078,41,No
U0526,G0024,25,No
U0526,G0138,25,No
U0526,G0146,50,Yes
U0458,G0054,47.5,Yes
U0458,G0039,30,No
U0458,G0102,25,No
U0410,G0020,48,Yes
U0410,G0102,40,No
U0410,G0013,46,Yes
U0093,G0099,55,Yes
U0093,G0032,43,No
U0093,G0130,43,No
U0931,G0036,40,No
U0931,G0028,25,No
U0931,G0119,34,No
U0090,G0065,40,No
U0090,G0025,26,No
U0090,G0099,40,No
U0337,G0095,28,No
U0337,G0027,25,No
U0337,G0054,40,No
U0989,G0147,29.41,No
U0989,G0015,64.71,Yes
U0989,G0007,31.76,No
U0922,G0104,29.41,No
U0922,G0079,29.41,No
U0922,G0022,38.82,No
U0934,G0069,29.41,No
U0934,G0086,29.41,No
U0934,G0096,35.29,No
U0606,G0030,47.06,Yes
U0606,G0001,57.65,Yes
U0606,G0096,35.29,No
U0594,G0114,40,No
U0594,G0093,28,No
U0594,G0098,30,No
U0612,G0129,34,No
U0612,G0072,56,Yes
U0612,G0029,32,No
U0095,G0058,25,No
U0095,G0075,52.67,Yes
U0095,G0105,40,No
U0012,G0056,45,Yes
U0012,G0094,30,No
U0012,G0143,32,No
U0397,G0092,44,No
U0397,G0067,43,No
U0397,G0031,27,No
U0534,G0030,40,No
U0534,G0044,34,No
U0534,G0089,25,No
U0044,G0043,46.67,Yes
U0044,G0002,25,No
U0044,G0006,40,No
U0043,G0087,47.06,Yes
U0043,G0065,47.06,Yes
U0043,G0137,48.24,Yes
U0330,G0005,40,No
U0330,G0114,40,No
U0330,G0086,40,No
U0168,G0148,40,No
U0168,G0080,25,No
U0168,G0017,25,No
U0498,G0025,26,No
U0498,G0019,56.67,Yes
U0498,G0051,40,No
U0877,G0091,40,No
U0877,G0050,27,No
U0877,G0063,25,No
U0598,G0042,65,Yes
U0598,G0046,25,No
U0598,G0052,50,Yes
U0757,G0073,40,No
U0757,G0114,25,No
U0757,G0037,33,No
U0101,G0037,48,Yes
U0101,G0145,42,No
U0101,G0005,40,No
U0427,G0046,40,No
U0427,G0030,40,No
U0427,G0147,25,No
U0179,G0031,42,No
U0179,G0141,25,No
U0179,G0096,36.67,No
U0445,G0096,35.29,No
U0445,G0047,30.59,No
U0445,G0135,47.06,Yes
U0417,G0146,65,Yes
U0417,G0019,45,Yes
U0417,G0035,50,Yes
U0871,G0061,40,No
U0871,G0052,25,No
U0871,G0097,25,No
U0883,G0134,49,Yes
U0883,G0067,28,No
U0883,G0086,25,No
